timestamp,user_id,movie_id,rating
2025-02-01T03:10:06,1618,2001+a+space+odyssey+1968,3
2025-02-01T05:48:19,1750,junior+1994,2
2025-02-01T18:39:37,60693,star+trek+generations+1994,4
2025-02-01T20:59:42,38328,blade+runner+1982,3
2025-02-01T21:25:26,101537,fargo+1996,3
2025-02-01T22:28:47,32366,dangerous+minds+1995,5
2025-02-01T23:25:43,47164,nobodys+fool+1994,3
2025-02-02T00:09:10,34987,my+fair+lady+1964,4
2025-02-02T02:24:42,53305,the+lord+of+the+rings+the+return+of+the+king+2003,5
2025-02-02T02:30:14,72198,outbreak+1995,3
2025-02-02T03:45:35,86885,indiana+jones+and+the+kingdom+of+the+crystal+skull+2008,4
2025-02-02T05:36:44,86717,crazy+in+alabama+1999,5
2025-02-02T09:32:41,102858,robocop+1987,2
2025-02-02T14:16:17,15795,ace+ventura+pet+detective+1994,3
2025-02-02T15:06:13,1750,glory+1989,4
2025-02-02T16:06:14,56367,rear+window+1954,4
2025-02-02T16:56:53,90773,i+am+legend+2007,3
2025-02-02T17:36:28,28964,the+thomas+crown+affair+1999,4
2025-02-02T17:48:02,21999,the+matrix+reloaded+2003,3
2025-02-02T18:49:52,24009,white+squall+1996,4
2025-02-02T21:13:42,37704,the+deep+end+of+the+ocean+1999,2
2025-02-02T21:15:03,31578,sabrina+1954,1
2025-02-02T21:21:13,34324,meet+the+parents+2000,2
2025-02-02T22:20:33,72867,crouching+tiger_+hidden+dragon+2000,5
2025-02-01T01:11:13,28964,forrest+gump+1994,5
2025-02-01T03:54:16,45309,the+lion+king+1994,2
2025-02-01T06:05:54,3108,the+last+samurai+2003,3
2025-02-01T06:24:49,15795,the+fugitive+1993,4
2025-02-01T07:45:54,26301,the+blues+brothers+1980,3
2025-02-01T16:52:20,72198,heat+1995,3
2025-02-01T17:42:34,90773,the+simpsons+movie+2007,2
2025-02-01T18:55:55,87202,the+net+1995,3
2025-02-01T19:49:54,88403,mission+impossible+iii+2006,3
2025-02-01T22:55:58,86717,thinner+1996,3
2025-02-01T23:36:25,66270,short+cuts+1993,4
2025-02-01T23:37:32,60689,the+sixth+sense+1999,5
2025-02-02T01:20:02,88403,the+godfather+1972,1
2025-02-02T04:38:56,78549,maverick+1994,3
2025-02-02T06:27:13,60689,akira+1988,3
2025-02-02T12:30:43,5708,the+ring+2002,2
2025-02-02T16:06:30,79015,leaving+las+vegas+1995,5
2025-02-02T18:23:48,8463,predator+1987,4
2025-02-02T18:51:04,47164,pulp+fiction+1994,5
2025-02-02T23:07:50,93057,lock_+stock+and+two+smoking+barrels+1998,3
2025-02-03T00:43:11,80785,shes+the+one+1996,3
2025-02-03T01:18:36,63148,the+lion+king+1994,4
2025-02-03T01:36:44,38328,much+ado+about+nothing+1993,5
2025-02-03T05:50:34,66270,aladdin+1992,3
2025-02-03T18:40:56,40546,courage+under+fire+1996,5
2025-02-03T19:46:28,86885,dj+vu+2006,3
2025-02-03T20:16:42,102858,titanic+1953,4
2025-02-03T22:25:07,60689,congo+1995,2
2025-02-03T23:14:37,34324,the+departed+2006,4
2025-02-04T01:31:12,90773,the+wrestler+2008,4
2025-02-04T01:34:03,34324,hot+shots+part+deux+1993,2
2025-02-04T03:16:37,88403,dumbo+1941,2
2025-02-04T04:39:26,45086,mighty+aphrodite+1995,5
2025-02-04T06:57:14,97600,the+shawshank+redemption+1994,4
2025-02-04T09:35:41,60689,sin+city+2005,4
2025-02-04T13:01:26,86717,the+sixth+sense+1999,5
2025-02-04T14:43:50,65210,tombstone+1993,5
2025-02-04T16:20:32,1618,the+english+patient+1996,3
2025-02-04T16:55:46,53305,v+for+vendetta+2006,5
2025-02-04T21:51:26,80785,goldeneye+1995,4
2025-02-04T22:16:24,93542,a+civil+action+1998,2
2025-02-04T22:17:56,93057,the+candidate+1972,3
2025-02-05T04:55:20,93057,the+man+without+a+face+1993,3
2025-02-05T06:04:12,26301,almost+famous+2000,4
2025-02-05T07:27:26,66270,leaving+las+vegas+1995,3
2025-02-05T13:42:12,51425,twelve+monkeys+1995,4
2025-02-05T17:48:35,60689,kill+bill+vol.+2+2004,4
2025-02-03T00:24:22,51425,mighty+morphin+power+rangers+the+movie+1995,3
2025-02-03T01:32:33,25046,phenomenon+1996,5
2025-02-03T01:48:35,15795,wag+the+dog+1997,3
2025-02-03T02:27:36,28964,the+matrix+1999,5
2025-02-03T02:58:22,8463,minority+report+2002,5
2025-02-03T03:49:36,88403,a+prophet+2009,2
2025-02-03T08:44:16,60693,the+aristocats+1970,3
2025-02-03T11:31:22,93057,smoke+1995,3
2025-02-03T20:50:33,31578,avatar+2009,2
2025-02-03T21:37:30,45309,highlander+the+final+dimension+1994,3
2025-02-03T21:56:58,21999,apocalypse+now+1979,5
2025-02-04T00:18:31,101537,metropolitan+1990,3
2025-02-04T01:34:58,25046,rumble+in+the+bronx+1995,4
2025-02-04T03:01:41,47164,interview+with+the+vampire+1994,5
2025-02-04T10:54:19,72198,jurassic+park+1993,4
2025-02-04T14:34:55,86885,revenge+of+the+nerds+1984,2
2025-02-04T15:53:05,11075,medicine+man+1992,3
2025-02-04T16:04:16,1750,outbreak+1995,3
2025-02-04T16:51:29,21999,the+hound+of+the+baskervilles+1939,5
2025-02-04T18:35:43,69615,ed+1996,3
2025-02-04T20:10:34,101537,shakespeare+in+love+1998,4
2025-02-04T22:37:42,39589,the+killing+fields+1984,5
2025-02-04T22:59,96668,sling+blade+1996,5
2025-02-05T06:34:27,86885,the+bourne+ultimatum+2007,5
2025-02-05T06:40:15,95836,out+of+sight+1998,2
2025-02-05T13:21:43,30269,spider-man+2002,3
2025-02-05T15:37:15,34987,bambi+1942,5
2025-02-05T18:04:45,45309,batman+forever+1995,3
2025-02-05T19:11:30,47164,the+hudsucker+proxy+1994,3
2025-02-05T19:26:40,86717,babe+1995,1
2025-02-05T19:48:20,80785,poetic+justice+1993,3
2025-02-05T19:56:03,39589,the+bourne+identity+2002,1
2025-02-05T21:32:42,8463,payback+1999,4
2025-02-05T22:36:52,79015,evita+1996,4
2025-02-06T01:17:16,40546,full+metal+jacket+1987,5
2025-02-06T02:43:23,72198,nine+months+1995,4
2025-02-06T04:05:47,34987,pretty+in+pink+1986,4
2025-02-06T04:09:32,60693,jurassic+park+1993,3
2025-02-06T14:04:31,38328,the+secret+of+roan+inish+1994,5
2025-02-06T16:03:29,93542,saving+silverman+2001,2
2025-02-06T16:44:52,39589,interview+with+the+vampire+1994,3
2025-02-06T17:54:06,32366,bonnie+and+clyde+1967,4
2025-02-06T19:25:17,88403,zodiac+2007,2
2025-02-06T22:34:59,93057,say+anything...+1989,4
2025-02-07T02:55:09,8463,gone+with+the+wind+1939,1
2025-02-07T04:46:53,32366,searching+for+bobby+fischer+1993,4
2025-02-07T05:18:50,80785,wolf+1994,3
2025-02-07T06:40:54,1899,the+deer+hunter+1978,1
2025-02-07T07:52:33,102858,the+lost+world+jurassic+park+1997,4
2025-02-07T09:59:21,21999,the+godfather+1972,5
2025-02-07T14:52:46,53305,beauty+and+the+beast+1991,4
2025-02-07T16:43:28,86885,the+terminator+1984,4
2025-02-07T17:16:36,34324,a+christmas+story+1983,4
2025-02-07T18:09:25,60689,gladiator+2000,5
2025-02-07T18:29:54,66270,another+stakeout+1993,3
2025-02-07T21:29:33,90773,the+whole+nine+yards+2000,4
2025-02-07T22:33:44,86717,american+pie+1999,4
2025-02-07T23:11:26,25046,twelve+monkeys+1995,5
2025-02-07T23:18:01,83896,the+bridges+of+madison+county+1995,4
2025-02-07T23:22,47164,stargate+1994,4
2025-02-05T19:24:55,38328,clerks+1994,3
2025-02-05T19:31:22,1618,delicatessen+1991,4
2025-02-06T00:14:05,102858,titanic+1997,3
2025-02-06T01:42:58,51425,dave+1993,2
2025-02-06T07:50:47,1750,titanic+1997,4
2025-02-06T16:07:51,79015,oliver++company+1988,3
2025-02-06T17:06:20,66270,the+man+without+a+face+1993,3
2025-02-06T17:45:01,40546,heartbreak+ridge+1986,4
2025-02-06T18:57:20,25046,return+of+the+jedi+1983,5
2025-02-06T19:45:39,60689,batman++robin+1997,1
2025-02-06T21:06:27,70159,twilight+2008,1
2025-02-06T21:47:11,45086,beavis+and+butt-head+do+america+1996,5
2025-02-06T22:28:04,69615,the+net+1995,4
2025-02-06T23:27:16,5708,e.t.+the+extra-terrestrial+1982,3
2025-02-07T00:11:23,1899,who+framed+roger+rabbit+1988,3
2025-02-07T01:57:34,31578,kiss+the+girls+1997,1
2025-02-07T02:02:14,15795,tron+1982,3
2025-02-07T07:47:33,45086,that+thing+you+do+1996,5
2025-02-07T15:05:29,88403,coneheads+1993,3
2025-02-07T18:23:49,39589,seven+years+in+tibet+1997,3
2025-02-08T03:18:21,5708,close+encounters+of+the+third+kind+1977,4
2025-02-08T03:44:04,45086,the+negotiator+1998,5
2025-02-08T09:07:56,86717,billys+hollywood+screen+kiss+1998,4
2025-02-08T10:35:50,30269,the+darjeeling+limited+2007,5
2025-02-08T11:14:42,93057,jean+de+florette+1986,5
2025-02-08T11:56:30,79015,the+candidate+1972,3
2025-02-08T18:11:19,87202,disclosure+1994,3
2025-02-08T18:12:28,56367,changing+lanes+2002,4
2025-02-08T23:16:13,37704,star+wars+episode+i+-+the+phantom+menace+1999,2
2025-02-08T23:17:07,38328,speed+1994,3
2025-02-09T02:48:31,101537,jaws+1975,2
2025-02-09T03:20:12,47164,die+hard+with+a+vengeance+1995,5
2025-02-09T04:38:07,60689,spider-man+2002,4
2025-02-09T06:02:46,38328,the+truth+about+cats++dogs+1996,3
2025-02-09T09:49:12,32366,three+kings+1999,4
2025-02-09T13:49:51,1618,sense+and+sensibility+1995,3
2025-02-09T13:57:43,79015,the+people+vs.+larry+flynt+1996,3
2025-02-09T17:29:01,37704,dick+1999,1
2025-02-09T18:35:42,51425,apollo+13+1995,4
2025-02-09T19:39:20,66270,little+odessa+1994,1
2025-02-09T20:58:17,95836,the+right+stuff+1983,4
2025-02-09T22:38:21,96668,the+french+connection+1971,5
2025-02-09T22:49:34,86885,escape+to+witch+mountain+1975,2
2025-02-09T23:58:28,72198,the+hudsucker+proxy+1994,5
2025-02-10T01:15:19,1750,no+country+for+old+men+2007,5
2025-02-10T03:41:56,51425,eat+drink+man+woman+1994,4
2025-02-10T04:54:26,1618,l.a.+confidential+1997,3
2025-02-10T06:59:50,34324,syriana+2005,4
2025-02-08T01:41:12,79015,the+rock+1996,3
2025-02-08T01:41:54,72198,babe+1995,5
2025-02-08T02:07:44,96668,zulu+1964,4
2025-02-08T11:17:10,25046,mr.+hollands+opus+1995,5
2025-02-08T12:20:43,53305,harry+potter+and+the+order+of+the+phoenix+2007,4
2025-02-08T14:43:50,45309,the+american+president+1995,1
2025-02-08T16:52:19,31578,the+apartment+1960,1
2025-02-08T16:59:44,32366,wag+the+dog+1997,4
2025-02-08T17:58:44,72867,the+insider+1999,4
2025-02-08T19:27:51,1618,fargo+1996,4
2025-02-08T19:29:45,50048,ace+ventura+when+nature+calls+1995,1
2025-02-08T21:28:27,47164,the+remains+of+the+day+1993,5
2025-02-08T22:57:02,88403,cinderella+1950,2
2025-02-08T23:29:15,34987,the+african+queen+1951,5
2025-02-08T23:34:55,34324,city+of+god+2002,5
2025-02-09T06:40:38,45309,get+shorty+1995,2
2025-02-09T10:31:44,80785,boomerang+1992,3
2025-02-09T12:29:34,28964,the+talented+mr.+ripley+1999,4
2025-02-09T13:17:16,56367,mona+lisa+smile+2003,2
2025-02-09T16:19:29,26301,the+silence+of+the+lambs+1991,5
2025-02-09T19:30:32,21999,modern+times+1936,5
2025-02-09T19:55:55,83896,whats+love+got+to+do+with+it+1993,4
2025-02-10T00:32:39,15795,american+beauty+1999,3
2025-02-10T03:27:29,102858,harry+potter+and+the+goblet+of+fire+2005,4
2025-02-10T03:56:38,15357,a+goofy+movie+1995,3
2025-02-10T05:53:49,63148,interview+with+the+vampire+1994,3
2025-02-10T06:29:17,30269,2+fast+2+furious+2003,2
2025-02-10T11:31:49,21999,monty+python+and+the+holy+grail+1975,5
2025-02-10T12:25:57,45309,the+mask+1994,2
2025-02-10T14:39:55,90773,seven+pounds+2008,3
2025-02-10T15:46:31,66270,dolores+claiborne+1995,3
2025-02-10T17:03:19,95836,stripes+1981,4
2025-02-10T18:23:46,5708,dantes+peak+1997,4
2025-02-10T20:20:59,60693,schindlers+list+1993,5
2025-02-10T21:12:46,82236,saving+private+ryan+1998,5
2025-02-10T10:23,83896,dial+m+for+murder+1954,5
2025-02-10T14:33:42,45086,ronin+1998,5
2025-02-10T17:40:57,3108,pretty+woman+1990,3
2025-02-10T17:41:53,55020,the+fugitive+1993,4
2025-02-10T20:28:55,39589,the+english+patient+1996,5
2025-02-10T21:41:55,80785,the+nutty+professor+1996,3
2025-02-10T22:28:02,79015,mars+attacks+1996,3
2025-02-10T23:19:33,87202,true+lies+1994,4
2025-02-11T00:14:04,47164,the+client+1994,3
2025-02-11T00:19:02,1750,kingpin+1996,5
2025-02-11T00:39:56,8463,equilibrium+2002,4
