timestamp,user_id,movie_id,rating,age,occupation,gender,title,imdb_id,tmdb_id,adult,release_date,revenue,runtime,vote_average,vote_count,Action,Adventure,Animation,Comedy,Crime,Drama,Family,Fantasy,History,Horror,Music,Mystery,Romance,Science Fiction,Thriller,War,Western
2025-02-01T03:10:06,1618,2001+a+space+odyssey+1968,3,25,executive/managerial,M,2001: A Space Odyssey,tt0062622,62,0,1968-04-10,68700000,149,7.9,3075,0,1,0,0,0,0,0,0,0,0,0,1,0,1,0,0,0
2025-02-01T05:48:19,1750,junior+1994,2,28,sales/marketing,M,Junior,tt0110216,6280,0,1994-11-22,37000000,109,4.7,381,0,0,0,1,0,0,1,0,0,0,0,0,1,0,0,0,0
2025-02-01T18:39:37,60693,star+trek+generations+1994,4,32,college/grad student,M,Star Trek: Generations,tt0111280,193,0,1994-11-17,120000000,118,6.4,461,1,1,0,0,0,0,0,0,0,0,0,0,0,1,1,0,0
2025-02-01T20:59:42,38328,blade+runner+1982,3,32,other or not specified,F,Blade Runner,tt0083658,78,0,1982-06-25,33139618,117,7.9,3833,0,0,0,0,0,1,0,0,0,0,0,0,0,1,1,0,0
2025-02-01T21:25:26,101537,fargo+1996,3,31,executive/managerial,M,Fargo,tt0116282,275,0,1996-04-05,60611975,98,7.7,2080,0,0,0,0,1,1,0,0,0,0,0,0,0,0,1,0,0
2025-02-01T22:28:47,32366,dangerous+minds+1995,5,25,executive/managerial,M,Dangerous Minds,tt0112792,9909,0,1995-08-11,180000000,99,6.4,249,0,0,0,0,1,1,0,0,0,0,0,0,0,0,0,0,0
2025-02-01T23:25:43,47164,nobodys+fool+1994,3,27,college/grad student,M,Nobody's Fool,tt0110684,11593,0,1994-12-23,0,110,7.0,56,0,0,0,1,0,1,0,0,0,0,0,0,0,0,0,0,0
2025-02-02T00:09:10,34987,my+fair+lady+1964,4,32,scientist,F,My Fair Lady,tt0058385,11113,0,1964-10-21,72070731,170,7.4,361,0,0,0,0,0,1,1,0,0,0,1,0,1,0,0,0,0
2025-02-02T02:24:42,53305,the+lord+of+the+rings+the+return+of+the+king+2003,5,26,scientist,M,The Lord of the Rings: The Return of the King,tt0167260,122,0,2003-12-01,1118888979,201,8.1,8226,1,1,0,0,0,0,0,1,0,0,0,0,0,0,0,0,0
2025-02-02T02:30:14,72198,outbreak+1995,3,30,executive/managerial,M,Outbreak,tt0114069,6950,0,1995-03-10,189859560,127,6.4,522,1,0,0,0,0,1,0,0,0,0,0,0,0,1,1,0,0
2025-02-02T03:45:35,86885,indiana+jones+and+the+kingdom+of+the+crystal+skull+2008,4,31,self-employed,M,Indiana Jones and the Kingdom of the Crystal Skull,tt0367882,217,0,2008-05-21,786636033,122,5.7,2558,1,1,0,0,0,0,0,0,0,0,0,0,0,0,0,0,0
2025-02-02T05:36:44,86717,crazy+in+alabama+1999,5,28,other or not specified,M,Crazy in Alabama,tt0142201,31306,0,1999-10-22,0,111,6.5,13,0,0,0,1,0,1,0,0,0,0,0,0,0,0,0,0,0
2025-02-02T09:32:41,102858,robocop+1987,2,33,sales/marketing,M,RoboCop,tt0093870,5548,0,1987-07-17,53000000,102,7.1,1494,1,0,0,0,0,0,0,0,0,0,0,0,0,1,1,0,0
2025-02-02T14:16:17,15795,ace+ventura+pet+detective+1994,3,26,college/grad student,M,Ace Ventura: Pet Detective,tt0109040,3049,0,1994-02-04,107217396,86,6.4,1684,0,0,0,1,0,0,0,0,0,0,0,1,0,0,0,0,0
2025-02-02T15:06:13,1750,glory+1989,4,28,sales/marketing,M,Glory,tt0097441,9665,0,1989-12-15,26828365,122,7.4,391,0,0,0,0,0,0,0,0,0,0,0,0,0,0,0,1,0
2025-02-02T16:06:14,56367,rear+window+1954,4,29,sales/marketing,M,Rear Window,tt0047396,567,0,1954-08-01,36764313,112,8.2,1531,0,0,0,0,0,1,0,0,0,0,0,1,0,0,1,0,0
2025-02-02T16:56:53,90773,i+am+legend+2007,3,25,sales/marketing,M,I Am Legend,tt0480249,6479,0,2007-12-14,585349010,101,6.9,4977,1,0,0,0,0,1,0,0,0,1,0,0,0,1,1,0,0
2025-02-02T17:36:28,28964,the+thomas+crown+affair+1999,4,30,executive/managerial,M,The Thomas Crown Affair,tt0155267,913,0,1999-08-06,124305181,113,6.7,349,0,0,0,0,1,1,0,0,0,0,0,0,1,0,0,0,0
2025-02-02T17:48:02,21999,the+matrix+reloaded+2003,3,31,scientist,M,The Matrix Reloaded,tt0234215,604,0,2003-05-15,738599701,138,6.7,3500,1,1,0,0,0,0,0,0,0,0,0,0,0,1,1,0,0
2025-02-02T18:49:52,24009,white+squall+1996,4,32,college/grad student,M,White Squall,tt0118158,10534,0,1996-02-02,10300000,129,6.3,86,1,0,0,0,0,1,0,0,0,0,0,0,0,0,0,0,0
2025-02-02T21:13:42,37704,the+deep+end+of+the+ocean+1999,2,27,executive/managerial,M,The Deep End of the Ocean,tt0120646,30943,0,1999-03-12,28121100,106,6.0,58,0,0,0,0,0,1,0,0,0,0,0,1,0,0,0,0,0
2025-02-02T21:15:03,31578,sabrina+1954,1,26,college/grad student,M,Sabrina,tt0047437,6620,0,1954-09-28,10000000,113,7.4,284,0,0,0,1,0,1,0,0,0,0,0,0,1,0,0,0,0
2025-02-02T21:21:13,34324,meet+the+parents+2000,2,31,sales/marketing,M,Meet the Parents,tt0212338,1597,0,2000-10-06,330444045,108,6.6,1743,0,0,0,1,0,0,0,0,0,0,0,0,1,0,0,0,0
2025-02-02T22:20:33,72867,crouching+tiger_+hidden+dragon+2000,5,31,executive/managerial,M,Crouching Tiger  Hidden Dragon,tt0190332,146,0,2000-10-01,213525736,120,7.2,949,1,1,0,0,0,1,0,0,0,0,0,0,1,0,0,0,0
2025-02-01T01:11:13,28964,forrest+gump+1994,5,30,executive/managerial,M,Forrest Gump,tt0109830,13,0,1994-07-06,677945399,142,8.2,8147,0,0,0,1,0,1,0,0,0,0,0,0,1,0,0,0,0
2025-02-01T03:54:16,45309,the+lion+king+1994,2,34,scientist,M,The Lion King,tt0110357,8587,0,1994-06-23,788241776,89,8.0,5520,0,0,1,0,0,1,1,0,0,0,0,0,0,0,0,0,0
2025-02-01T06:24:49,15795,the+fugitive+1993,4,26,college/grad student,M,The Fugitive,tt0106977,5503,0,1993-08-06,368875760,130,7.2,1240,1,1,0,0,1,0,0,0,0,0,0,1,0,0,1,0,0
2025-02-01T07:45:54,26301,the+blues+brothers+1980,3,33,college/grad student,F,The Blues Brothers,tt0080455,525,0,1980-06-17,115229890,133,7.5,1092,1,0,0,1,1,0,0,0,0,0,1,0,0,0,0,0,0
2025-02-01T16:52:20,72198,heat+1995,3,30,executive/managerial,M,Heat,tt0113277,949,0,1995-12-15,187436818,170,7.7,1886,1,0,0,0,1,1,0,0,0,0,0,0,0,0,1,0,0
2025-02-01T17:42:34,90773,the+simpsons+movie+2007,2,25,sales/marketing,M,The Simpsons Movie,tt0462538,35,0,2007-07-25,527068851,87,6.9,2335,0,0,1,1,0,0,1,0,0,0,0,0,0,0,0,0,0
2025-02-01T18:55:55,87202,the+net+1995,3,30,executive/managerial,M,The Net,tt0113957,1642,0,1995-07-28,110627965,114,5.6,359,1,0,0,0,1,1,0,0,0,0,0,1,0,0,1,0,0
2025-02-01T19:49:54,88403,mission+impossible+iii+2006,3,33,K-12 student,M,Mission: Impossible III,tt0317919,956,0,2006-05-03,397850012,126,6.5,2062,1,1,0,0,0,0,0,0,0,0,0,0,0,0,1,0,0
2025-02-01T22:55:58,86717,thinner+1996,3,28,other or not specified,M,Thinner,tt0117894,10280,0,1996-10-25,0,92,5.5,125,0,0,0,0,0,0,0,0,0,1,0,0,0,0,1,0,0
2025-02-01T23:36:25,66270,short+cuts+1993,4,32,college/grad student,M,Short Cuts,tt0108122,695,0,1993-09-05,6110979,187,6.9,136,0,0,0,1,0,1,0,0,0,0,0,0,0,0,0,0,0
2025-02-01T23:37:32,60689,the+sixth+sense+1999,5,20,sales/marketing,M,The Sixth Sense,tt0167404,745,0,1999-08-06,672806292,107,7.7,3223,0,0,0,0,0,1,0,0,0,0,0,1,0,0,1,0,0
2025-02-02T01:20:02,88403,the+godfather+1972,1,33,K-12 student,M,The Godfather,tt0068646,238,0,1972-03-14,245066411,175,8.5,6024,0,0,0,0,1,1,0,0,0,0,0,0,0,0,0,0,0
2025-02-02T04:38:56,78549,maverick+1994,3,16,K-12 student,M,Maverick,tt0110478,9359,0,1994-05-20,0,127,6.6,490,1,1,0,1,0,1,0,0,0,0,0,0,0,0,0,0,1
2025-02-02T06:27:13,60689,akira+1988,3,20,sales/marketing,M,Akira,tt0094625,149,0,1988-07-16,553171,124,7.8,792,0,0,1,0,0,0,0,0,0,0,0,0,0,1,0,0,0
2025-02-02T12:30:43,5708,the+ring+2002,2,32,scientist,M,The Ring,tt0298130,565,0,2002-10-18,249348933,115,6.5,1720,0,0,0,0,0,0,0,0,0,1,0,1,0,0,0,0,0
2025-02-02T16:06:30,79015,leaving+las+vegas+1995,5,29,college/grad student,M,Leaving Las Vegas,tt0113627,451,0,1995-10-27,49800000,112,7.1,365,0,0,0,0,0,1,0,0,0,0,0,0,1,0,0,0,0
2025-02-02T18:23:48,8463,predator+1987,4,25,programmer,M,Predator,tt0093773,106,0,1987-06-11,98235548,107,7.3,2129,1,1,0,0,0,0,0,0,0,0,0,0,0,1,1,0,0
2025-02-02T18:51:04,47164,pulp+fiction+1994,5,27,college/grad student,M,Pulp Fiction,tt0110912,680,0,1994-09-10,213928762,154,8.3,8670,0,0,0,0,1,0,0,0,0,0,0,0,0,0,1,0,0
2025-02-02T23:07:50,93057,lock_+stock+and+two+smoking+barrels+1998,3,68,sales/marketing,F,Lock  Stock and Two Smoking Barrels,tt0120735,100,0,1998-03-05,3897569,105,7.5,1671,0,0,0,1,1,0,0,0,0,0,0,0,0,0,0,0,0
2025-02-03T00:43:11,80785,shes+the+one+1996,3,18,scientist,M,She's the One,tt0117628,11363,0,1996-08-26,9482579,96,5.7,71,0,0,0,1,0,0,0,0,0,0,0,0,1,0,0,0,0
2025-02-03T01:18:36,63148,the+lion+king+1994,4,31,scientist,M,The Lion King,tt0110357,8587,0,1994-06-23,788241776,89,8.0,5520,0,0,1,0,0,1,1,0,0,0,0,0,0,0,0,0,0
2025-02-03T01:36:44,38328,much+ado+about+nothing+1993,5,32,other or not specified,F,Much Ado About Nothing,tt0107616,11971,0,1993-05-07,0,111,7.2,194,0,0,0,1,0,1,0,0,0,0,0,0,1,0,0,0,0
2025-02-03T05:50:34,66270,aladdin+1992,3,32,college/grad student,M,Aladdin,tt0103639,812,0,1992-11-25,504050219,90,7.4,3495,0,1,1,1,0,0,1,1,0,0,0,0,1,0,0,0,0
2025-02-03T18:40:56,40546,courage+under+fire+1996,5,27,executive/managerial,M,Courage Under Fire,tt0115956,10684,0,1996-07-04,100860818,117,6.2,240,0,0,0,0,0,1,0,0,0,0,0,1,0,0,1,1,0
2025-02-03T19:46:28,86885,dj+vu+2006,3,31,self-employed,M,Déjà Vu,tt0453467,7551,0,2006-11-22,180557550,126,6.6,1519,1,0,0,0,0,0,0,0,0,0,0,0,0,1,1,0,0
2025-02-03T20:16:42,102858,titanic+1953,4,33,sales/marketing,M,Titanic,tt0046435,16535,0,1953-04-11,4905000,98,6.2,27,1,0,0,0,0,1,0,0,0,0,0,0,1,0,0,0,0
2025-02-03T23:14:37,34324,the+departed+2006,4,31,sales/marketing,M,The Departed,tt0407887,1422,0,2006-10-05,289847354,151,7.9,4455,0,0,0,0,1,1,0,0,0,0,0,0,0,0,1,0,0
2025-02-04T01:31:12,90773,the+wrestler+2008,4,25,sales/marketing,M,The Wrestler,tt1125849,12163,0,2008-09-07,44703995,109,7.3,1031,0,0,0,0,0,1,0,0,0,0,0,0,1,0,0,0,0
2025-02-04T01:34:03,34324,hot+shots+part+deux+1993,2,31,sales/marketing,M,Hot Shots! Part Deux,tt0107144,9255,0,1993-05-21,133752825,86,6.2,463,1,0,0,1,0,0,0,0,0,0,0,0,0,0,0,1,0
2025-02-04T03:16:37,88403,dumbo+1941,2,33,K-12 student,M,Dumbo,tt0033563,11360,0,1941-10-22,1600000,64,6.8,1206,0,0,1,0,0,0,1,0,0,0,0,0,0,0,0,0,0
2025-02-04T04:39:26,45086,mighty+aphrodite+1995,5,32,other or not specified,M,Mighty Aphrodite,tt0113819,11448,0,1995-09-13,6700000,95,6.7,145,0,0,0,1,0,0,0,0,0,0,0,0,1,0,0,0,0
2025-02-04T06:57:14,97600,the+shawshank+redemption+1994,4,25,sales/marketing,M,The Shawshank Redemption,tt0111161,278,0,1994-09-23,28341469,142,8.5,8358,0,0,0,0,1,1,0,0,0,0,0,0,0,0,0,0,0
2025-02-04T09:35:41,60689,sin+city+2005,4,20,sales/marketing,M,Sin City,tt0401792,187,0,2005-04-01,158733820,124,7.2,2755,1,0,0,0,1,0,0,0,0,0,0,0,0,0,1,0,0
2025-02-04T13:01:26,86717,the+sixth+sense+1999,5,28,other or not specified,M,The Sixth Sense,tt0167404,745,0,1999-08-06,672806292,107,7.7,3223,0,0,0,0,0,1,0,0,0,0,0,1,0,0,1,0,0
2025-02-04T14:43:50,65210,tombstone+1993,5,26,college/grad student,F,Tombstone,tt0108358,11969,0,1993-12-25,56505065,130,7.4,632,1,1,0,0,0,1,0,0,1,0,0,0,0,0,0,0,1
2025-02-04T16:20:32,1618,the+english+patient+1996,3,25,executive/managerial,M,The English Patient,tt0116209,409,0,1996-11-14,231976425,162,7.0,559,0,0,0,0,0,1,0,0,0,0,0,0,1,0,0,1,0
2025-02-04T16:55:46,53305,v+for+vendetta+2006,5,26,scientist,M,V for Vendetta,tt0434409,752,0,2006-03-15,132511035,132,7.7,4562,1,0,0,0,0,0,0,1,0,0,0,0,0,0,1,0,0
2025-02-04T21:51:26,80785,goldeneye+1995,4,18,scientist,M,GoldenEye,tt0113189,710,0,1995-11-16,352194034,130,6.6,1194,1,1,0,0,0,0,0,0,0,0,0,0,0,0,1,0,0
2025-02-04T22:16:24,93542,a+civil+action+1998,2,23,college/grad student,F,A Civil Action,tt0120633,9422,0,1998-03-05,56702901,115,6.1,113,0,0,0,0,0,1,0,0,0,0,0,0,0,0,0,0,0
2025-02-04T22:17:56,93057,the+candidate+1972,3,68,sales/marketing,F,The Candidate,tt0068334,21711,0,1972-08-23,0,110,6.9,39,0,0,0,1,0,1,0,0,0,0,0,0,0,0,0,0,0
2025-02-05T04:55:20,93057,the+man+without+a+face+1993,3,68,sales/marketing,F,The Man without a Face,tt0107501,10502,0,1993-08-25,24760338,114,6.2,125,0,0,0,0,0,1,0,0,0,0,0,0,0,0,0,0,0
2025-02-05T06:04:12,26301,almost+famous+2000,4,33,college/grad student,F,Almost Famous,tt0181875,786,0,2000-09-15,47383689,122,7.4,807,0,0,0,0,0,1,0,0,0,0,1,0,0,0,0,0,0
2025-02-05T07:27:26,66270,leaving+las+vegas+1995,3,32,college/grad student,M,Leaving Las Vegas,tt0113627,451,0,1995-10-27,49800000,112,7.1,365,0,0,0,0,0,1,0,0,0,0,0,0,1,0,0,0,0
2025-02-05T13:42:12,51425,twelve+monkeys+1995,4,25,college/grad student,M,Twelve Monkeys,tt0114746,63,0,1995-12-29,168840000,129,7.4,2470,0,0,0,0,0,0,0,0,0,0,0,1,0,1,1,0,0
2025-02-05T17:48:35,60689,kill+bill+vol.+2+2004,4,20,sales/marketing,M,Kill Bill: Vol. 2,tt0378194,393,0,2004-04-16,152159461,136,7.7,4061,1,0,0,0,1,0,0,0,0,0,0,0,0,0,1,0,0
2025-02-03T00:24:22,51425,mighty+morphin+power+rangers+the+movie+1995,3,25,college/grad student,M,Mighty Morphin Power Rangers: The Movie,tt0113820,9070,0,1995-06-30,66000000,92,5.2,153,1,1,0,0,0,0,1,1,0,0,0,0,0,1,0,0,0
2025-02-03T01:32:33,25046,phenomenon+1996,5,26,college/grad student,M,Phenomenon,tt0117333,9294,0,1996-07-05,152036382,123,6.2,328,0,0,0,0,0,1,0,1,0,0,0,0,1,1,0,0,0
2025-02-03T01:48:35,15795,wag+the+dog+1997,3,26,college/grad student,M,Wag the Dog,tt0120885,586,0,1997-12-25,64256513,97,6.7,273,0,0,0,1,0,1,0,0,0,0,0,0,0,0,0,0,0
2025-02-03T02:27:36,28964,the+matrix+1999,5,30,executive/managerial,M,The Matrix,tt0133093,603,0,1999-03-30,463517383,136,7.9,9079,1,0,0,0,0,0,0,0,0,0,0,0,0,1,0,0,0
2025-02-03T02:58:22,8463,minority+report+2002,5,25,programmer,M,Minority Report,tt0181689,180,0,2002-06-20,358372926,145,7.1,2663,1,0,0,0,0,0,0,0,0,0,0,1,0,1,1,0,0
2025-02-03T03:49:36,88403,a+prophet+2009,2,33,K-12 student,M,A Prophet,tt1235166,21575,0,2009-08-26,0,155,7.5,398,0,0,0,0,1,1,0,0,0,0,0,0,0,0,0,0,0
2025-02-03T08:44:16,60693,the+aristocats+1970,3,32,college/grad student,M,The Aristocats,tt0065421,10112,0,1970-12-23,55675257,78,7.1,1287,0,1,1,1,0,0,1,0,0,0,0,0,0,0,0,0,0
2025-02-03T11:31:22,93057,smoke+1995,3,68,sales/marketing,F,Smoke,tt0114478,10149,0,1995-06-09,8349430,112,7.2,115,0,0,0,1,0,1,0,0,0,0,0,0,0,0,0,0,0
2025-02-03T20:50:33,31578,avatar+2009,2,26,college/grad student,M,Avatar,tt0499549,19995,0,2009-12-10,2787965087,162,7.2,12114,1,1,0,0,0,0,0,1,0,0,0,0,0,1,0,0,0
2025-02-03T21:37:30,45309,highlander+the+final+dimension+1994,3,34,scientist,M,Highlander: The Final Dimension,tt0110027,8011,0,1994-11-29,36800000,99,4.5,110,1,0,0,0,0,0,0,1,0,0,0,0,0,1,0,0,0
2025-02-03T21:56:58,21999,apocalypse+now+1979,5,31,scientist,M,Apocalypse Now,tt0078788,28,0,1979-08-15,89460381,153,8.0,2112,0,0,0,0,0,1,0,0,0,0,0,0,0,0,0,1,0
2025-02-04T00:18:31,101537,metropolitan+1990,3,31,executive/managerial,M,Metropolitan,tt0100142,15389,0,1990-08-03,0,98,7.0,39,0,0,0,1,0,1,0,0,0,0,0,0,0,0,0,0,0
2025-02-04T01:34:58,25046,rumble+in+the+bronx+1995,4,26,college/grad student,M,Rumble in the Bronx,tt0113326,33542,0,1995-01-30,32392047,91,6.5,245,1,0,0,1,1,0,0,0,0,0,0,0,0,0,1,0,0
2025-02-04T03:01:41,47164,interview+with+the+vampire+1994,5,27,college/grad student,M,Interview with the Vampire,tt0110148,628,0,1994-11-11,223664608,123,7.2,1558,0,0,0,0,0,0,0,0,0,1,0,0,1,0,0,0,0
2025-02-04T10:54:19,72198,jurassic+park+1993,4,30,executive/managerial,M,Jurassic Park,tt0107290,329,0,1993-06-11,920100000,127,7.6,4956,0,1,0,0,0,0,0,0,0,0,0,0,0,1,0,0,0
2025-02-04T14:34:55,86885,revenge+of+the+nerds+1984,2,31,self-employed,M,Revenge of the Nerds,tt0088000,14052,0,1984-07-20,0,90,6.6,204,0,0,0,1,0,0,0,0,0,0,0,0,0,0,0,0,0
2025-02-04T15:53:05,11075,medicine+man+1992,3,30,homemaker,F,Medicine Man,tt0104839,9096,0,1992-02-07,0,106,5.8,114,0,1,0,0,0,0,0,0,0,0,0,0,0,0,0,0,0
2025-02-04T16:04:16,1750,outbreak+1995,3,28,sales/marketing,M,Outbreak,tt0114069,6950,0,1995-03-10,189859560,127,6.4,522,1,0,0,0,0,1,0,0,0,0,0,0,0,1,1,0,0
2025-02-04T16:51:29,21999,the+hound+of+the+baskervilles+1939,5,31,scientist,M,The Hound of the Baskervilles,tt0031448,27118,0,1939-03-31,0,80,7.3,45,0,0,0,0,0,0,0,0,0,0,0,1,0,0,1,0,0
2025-02-04T18:35:43,69615,ed+1996,3,32,scientist,M,Ed,tt0116165,32308,0,1996-03-15,0,94,3.6,24,0,0,0,1,0,0,1,0,0,0,0,0,0,0,0,0,0
2025-02-04T20:10:34,101537,shakespeare+in+love+1998,4,31,executive/managerial,M,Shakespeare in Love,tt0138097,1934,0,1998-12-11,289317794,122,6.8,831,0,0,0,0,0,0,0,0,1,0,0,0,1,0,0,0,0
2025-02-04T22:37:42,39589,the+killing+fields+1984,5,31,executive/managerial,M,The Killing Fields,tt0087553,625,0,1984-11-02,34700291,141,7.5,180,0,0,0,0,0,1,0,0,1,0,0,0,0,0,0,1,0
2025-02-04T22:59,96668,sling+blade+1996,5,34,college/grad student,M,Sling Blade,tt0117666,12498,0,1996-08-30,24444121,135,7.4,236,0,0,0,0,0,1,0,0,0,0,0,0,0,0,0,0,0
2025-02-05T06:34:27,86885,the+bourne+ultimatum+2007,5,31,self-employed,M,The Bourne Ultimatum,tt0440963,2503,0,2007-08-03,442824138,115,7.3,2938,1,0,0,0,0,1,0,0,0,0,0,1,0,0,1,0,0
2025-02-05T06:40:15,95836,out+of+sight+1998,2,30,clerical/admin,M,Out of Sight,tt0120780,1389,0,1998-06-26,77745568,123,6.5,338,0,0,0,1,1,0,0,0,0,0,0,0,1,0,0,0,0
2025-02-05T13:21:43,30269,spider-man+2002,3,28,sales/marketing,M,Spider-Man,tt0145487,557,0,2002-05-01,821708551,121,6.8,5398,1,0,0,0,0,0,0,1,0,0,0,0,0,0,0,0,0
2025-02-05T15:37:15,34987,bambi+1942,5,32,scientist,F,Bambi,tt0034492,3170,0,1942-08-14,267447150,70,6.8,1450,0,0,1,0,0,1,1,0,0,0,0,0,0,0,0,0,0
2025-02-05T18:04:45,45309,batman+forever+1995,3,34,scientist,M,Batman Forever,tt0112462,414,0,1995-06-16,336529144,121,5.2,1529,1,0,0,0,1,0,0,1,0,0,0,0,0,0,0,0,0
2025-02-05T19:11:30,47164,the+hudsucker+proxy+1994,3,27,college/grad student,M,The Hudsucker Proxy,tt0110074,11934,0,1994-03-11,0,111,7.1,280,0,0,0,1,0,1,0,0,0,0,0,0,0,0,0,0,0
2025-02-05T19:26:40,86717,babe+1995,1,28,other or not specified,M,Babe,tt0112431,9598,0,1995-07-18,254134910,89,6.0,756,0,0,0,1,0,1,1,1,0,0,0,0,0,0,0,0,0
2025-02-05T19:48:20,80785,poetic+justice+1993,3,18,scientist,M,Poetic Justice,tt0107840,8291,0,1993-07-23,27515786,109,6.9,47,0,0,0,0,0,1,0,0,0,0,0,0,1,0,0,0,0
2025-02-05T21:32:42,8463,payback+1999,4,25,programmer,M,Payback,tt0120784,2112,0,1999-02-05,161626121,100,6.7,557,1,0,0,0,1,1,0,0,0,0,0,0,0,0,1,0,0
2025-02-05T22:36:52,79015,evita+1996,4,29,college/grad student,M,Evita,tt0116250,8818,0,1996-12-14,141047179,134,5.9,122,0,0,0,0,0,1,0,0,1,0,1,0,0,0,0,0,0
2025-02-06T01:17:16,40546,full+metal+jacket+1987,5,27,executive/managerial,M,Full Metal Jacket,tt0093058,600,0,1987-06-26,46357676,116,7.9,2595,0,0,0,0,0,1,0,0,0,0,0,0,0,0,0,1,0
2025-02-06T02:43:23,72198,nine+months+1995,4,30,executive/managerial,M,Nine Months,tt0113986,11472,0,1995-07-12,69660733,103,5.5,171,0,0,0,1,0,0,0,0,0,0,0,0,0,0,0,0,0
2025-02-06T04:05:47,34987,pretty+in+pink+1986,4,32,scientist,F,Pretty in Pink,tt0091790,11522,0,1986-02-28,40471663,96,6.6,313,0,0,0,1,0,0,0,0,0,0,0,0,0,0,0,0,0
2025-02-06T04:09:32,60693,jurassic+park+1993,3,32,college/grad student,M,Jurassic Park,tt0107290,329,0,1993-06-11,920100000,127,7.6,4956,0,1,0,0,0,0,0,0,0,0,0,0,0,1,0,0,0
2025-02-06T14:04:31,38328,the+secret+of+roan+inish+1994,5,32,other or not specified,F,The Secret of Roan Inish,tt0111112,14334,0,1994-01-01,0,97,6.1,15,0,0,0,0,0,1,1,1,0,0,0,0,0,0,0,0,0
2025-02-06T16:03:29,93542,saving+silverman+2001,2,23,college/grad student,F,Saving Silverman,tt0239948,10878,0,2001-02-09,19351569,90,5.4,155,0,0,0,1,1,0,0,0,0,0,0,0,1,0,0,0,0
2025-02-06T16:44:52,39589,interview+with+the+vampire+1994,3,31,executive/managerial,M,Interview with the Vampire,tt0110148,628,0,1994-11-11,223664608,123,7.2,1558,0,0,0,0,0,0,0,0,0,1,0,0,1,0,0,0,0
2025-02-06T17:54:06,32366,bonnie+and+clyde+1967,4,25,executive/managerial,M,Bonnie and Clyde,tt0061418,475,0,1967-07-18,50700000,111,7.6,384,0,0,0,0,1,1,0,0,0,0,0,0,0,0,0,0,0
2025-02-06T19:25:17,88403,zodiac+2007,2,33,K-12 student,M,Zodiac,tt0443706,1949,0,2007-03-02,84785914,157,7.3,2080,0,0,0,0,1,1,0,0,0,0,0,1,0,0,1,0,0
2025-02-06T22:34:59,93057,say+anything...+1989,4,68,sales/marketing,F,Say Anything...,tt0098258,2028,0,1989-04-14,20036737,100,7.2,244,0,0,0,1,0,1,0,0,0,0,0,0,1,0,0,0,0
2025-02-07T02:55:09,8463,gone+with+the+wind+1939,1,25,programmer,M,Gone with the Wind,tt0031381,770,0,1939-12-15,400176459,238,7.7,995,0,0,0,0,0,1,0,0,0,0,0,0,1,0,0,1,0
2025-02-07T04:46:53,32366,searching+for+bobby+fischer+1993,4,25,executive/managerial,M,Searching for Bobby Fischer,tt0108065,14291,0,1993-08-13,7266383,110,7.3,100,0,0,0,0,0,1,0,0,0,0,0,0,0,0,0,0,0
2025-02-07T05:18:50,80785,wolf+1994,3,18,scientist,M,Wolf,tt0111742,10395,0,1994-06-17,0,125,6.0,221,0,0,0,0,0,0,0,1,0,0,0,0,0,0,0,0,0
2025-02-07T06:40:54,1899,the+deer+hunter+1978,1,55,other or not specified,F,The Deer Hunter,tt0077416,11778,0,1978-12-08,50000000,183,7.8,943,0,0,0,0,0,1,0,0,0,0,0,0,0,0,0,1,0
2025-02-07T07:52:33,102858,the+lost+world+jurassic+park+1997,4,33,sales/marketing,M,The Lost World: Jurassic Park,tt0119567,330,0,1997-05-23,229074524,129,6.2,2528,1,1,0,0,0,0,0,0,0,0,0,0,0,1,0,0,0
2025-02-07T09:59:21,21999,the+godfather+1972,5,31,scientist,M,The Godfather,tt0068646,238,0,1972-03-14,245066411,175,8.5,6024,0,0,0,0,1,1,0,0,0,0,0,0,0,0,0,0,0
2025-02-07T14:52:46,53305,beauty+and+the+beast+1991,4,26,scientist,M,Beauty and the Beast,tt0101414,10020,0,1991-11-13,377350553,84,7.5,3029,0,0,1,0,0,0,1,1,0,0,1,0,1,0,0,0,0
2025-02-07T16:43:28,86885,the+terminator+1984,4,31,self-employed,M,The Terminator,tt0088247,218,0,1984-10-26,78371200,108,7.4,4208,1,0,0,0,0,0,0,0,0,0,0,0,0,1,1,0,0
2025-02-07T17:16:36,34324,a+christmas+story+1983,4,31,sales/marketing,M,A Christmas Story,tt0085334,850,0,1983-11-18,19294144,94,7.4,352,0,0,0,1,0,0,1,0,0,0,0,0,0,0,0,0,0
2025-02-07T18:09:25,60689,gladiator+2000,5,20,sales/marketing,M,Gladiator,tt0172495,98,0,2000-05-01,457640427,155,7.9,5566,1,1,0,0,0,1,0,0,0,0,0,0,0,0,0,0,0
2025-02-07T18:29:54,66270,another+stakeout+1993,3,32,college/grad student,M,Another Stakeout,tt0106292,9409,0,1993-07-22,0,105,4.9,58,1,0,0,1,0,0,0,0,0,0,0,0,0,0,0,0,0
2025-02-07T21:29:33,90773,the+whole+nine+yards+2000,4,25,sales/marketing,M,The Whole Nine Yards,tt0190138,2069,0,2000-02-18,106371651,98,6.3,540,0,0,0,1,1,0,0,0,0,0,0,0,0,0,0,0,0
2025-02-07T22:33:44,86717,american+pie+1999,4,28,other or not specified,M,American Pie,tt0163651,2105,0,1999-07-09,235483004,95,6.4,2358,0,0,0,1,0,0,0,0,0,0,0,0,1,0,0,0,0
2025-02-07T23:11:26,25046,twelve+monkeys+1995,5,26,college/grad student,M,Twelve Monkeys,tt0114746,63,0,1995-12-29,168840000,129,7.4,2470,0,0,0,0,0,0,0,0,0,0,0,1,0,1,1,0,0
2025-02-07T23:18:01,83896,the+bridges+of+madison+county+1995,4,27,academic/educator,F,The Bridges of Madison County,tt0112579,688,0,1995-05-28,182016617,135,7.3,397,0,0,0,0,0,1,0,0,0,0,0,0,1,0,0,0,0
2025-02-07T23:22,47164,stargate+1994,4,27,college/grad student,M,Stargate,tt0111282,2164,0,1994-10-27,196567262,121,6.8,942,1,1,0,0,0,0,0,0,0,0,0,0,0,1,0,0,0
2025-02-05T19:24:55,38328,clerks+1994,3,32,other or not specified,F,Clerks,tt0109445,2292,0,1994-09-13,3151130,92,7.4,769,0,0,0,1,0,0,0,0,0,0,0,0,0,0,0,0,0
2025-02-05T19:31:22,1618,delicatessen+1991,4,25,executive/managerial,M,Delicatessen,tt0101700,892,0,1991-04-17,1794187,99,7.4,320,0,0,0,1,0,0,0,1,0,0,0,0,0,1,0,0,0
2025-02-06T00:14:05,102858,titanic+1997,3,33,sales/marketing,M,Titanic,tt0120338,597,0,1997-11-18,1845034188,194,7.5,7770,0,0,0,0,0,1,0,0,0,0,0,0,1,0,1,0,0
2025-02-06T01:42:58,51425,dave+1993,2,25,college/grad student,M,Dave,tt0106673,11566,0,1993-05-07,63000000,110,6.3,205,0,0,0,1,0,0,0,0,0,0,0,0,0,0,0,0,0
2025-02-06T07:50:47,1750,titanic+1997,4,28,sales/marketing,M,Titanic,tt0120338,597,0,1997-11-18,1845034188,194,7.5,7770,0,0,0,0,0,1,0,0,0,0,0,0,1,0,1,0,0
2025-02-06T16:07:51,79015,oliver++company+1988,3,29,college/grad student,M,Oliver & Company,tt0095776,12233,0,1988-11-18,74151346,74,6.5,372,0,0,1,1,0,0,1,0,0,0,0,0,0,0,0,0,0
2025-02-06T17:06:20,66270,the+man+without+a+face+1993,3,32,college/grad student,M,The Man without a Face,tt0107501,10502,0,1993-08-25,24760338,114,6.2,125,0,0,0,0,0,1,0,0,0,0,0,0,0,0,0,0,0
2025-02-06T17:45:01,40546,heartbreak+ridge+1986,4,27,executive/managerial,M,Heartbreak Ridge,tt0091187,10015,0,1986-12-15,42724017,130,6.5,270,1,0,0,1,0,1,0,0,0,0,0,0,0,0,0,1,0
2025-02-06T18:57:20,25046,return+of+the+jedi+1983,5,26,college/grad student,M,Return of the Jedi,tt0086190,1892,0,1983-05-23,572700000,135,7.9,4763,1,1,0,0,0,0,0,0,0,0,0,0,0,1,0,0,0
2025-02-06T19:45:39,60689,batman++robin+1997,1,20,sales/marketing,M,Batman & Robin,tt0118688,415,0,1997-06-20,238207122,125,4.2,1447,1,0,0,0,1,0,0,1,0,0,0,0,0,0,0,0,0
2025-02-06T21:06:27,70159,twilight+2008,1,26,customer service,F,Twilight,tt1099212,8966,0,2008-11-20,392616625,122,5.8,3688,0,1,0,0,0,1,0,1,0,0,0,0,1,0,0,0,0
2025-02-06T21:47:11,45086,beavis+and+butt-head+do+america+1996,5,32,other or not specified,M,Beavis and Butt-Head Do America,tt0115641,3179,0,1996-12-15,0,81,6.5,169,0,0,1,1,0,0,0,0,0,0,0,0,0,0,0,0,0
2025-02-06T22:28:04,69615,the+net+1995,4,32,scientist,M,The Net,tt0113957,1642,0,1995-07-28,110627965,114,5.6,359,1,0,0,0,1,1,0,0,0,0,0,1,0,0,1,0,0
2025-02-06T23:27:16,5708,e.t.+the+extra-terrestrial+1982,3,32,scientist,M,E.T. the Extra-Terrestrial,tt0083866,601,0,1982-04-03,792965326,115,7.3,3359,0,1,0,0,0,0,1,1,0,0,0,0,0,1,0,0,0
2025-02-07T00:11:23,1899,who+framed+roger+rabbit+1988,3,55,other or not specified,F,Who Framed Roger Rabbit,tt0096438,856,0,1988-06-21,329803958,104,7.2,1466,0,0,1,1,1,0,1,1,0,0,0,0,0,0,0,0,0
2025-02-07T01:57:34,31578,kiss+the+girls+1997,1,26,college/grad student,M,Kiss the Girls,tt0119468,9437,0,1997-10-03,60527873,115,6.2,353,0,0,0,0,1,1,0,0,0,0,0,1,0,0,1,0,0
2025-02-07T02:02:14,15795,tron+1982,3,26,college/grad student,M,Tron,tt0084827,97,0,1982-07-09,33000000,96,6.6,717,1,1,0,0,0,0,0,0,0,0,0,0,0,1,0,0,0
2025-02-07T07:47:33,45086,that+thing+you+do+1996,5,32,other or not specified,M,That Thing You Do!,tt0117887,9591,0,1996-10-04,34585416,108,6.8,230,0,0,0,1,0,1,0,0,0,0,0,0,0,0,0,0,0
2025-02-07T15:05:29,88403,coneheads+1993,3,33,K-12 student,M,Coneheads,tt0106598,9612,0,1993-07-23,0,88,4.8,228,0,0,0,1,0,0,1,0,0,0,0,0,0,1,0,0,0
2025-02-07T18:23:49,39589,seven+years+in+tibet+1997,3,31,executive/managerial,M,Seven Years in Tibet,tt0120102,978,0,1997-09-12,131457682,136,7.0,644,0,1,0,0,0,1,0,0,1,0,0,0,0,0,0,0,0
2025-02-08T03:18:21,5708,close+encounters+of+the+third+kind+1977,4,32,scientist,M,Close Encounters of the Third Kind,tt0075860,840,0,1977-11-16,303788635,135,7.2,1122,0,0,0,0,0,1,0,0,0,0,0,0,0,1,0,0,0
2025-02-08T03:44:04,45086,the+negotiator+1998,5,32,other or not specified,M,The Negotiator,tt0120768,9631,0,1998-07-29,44547681,140,6.8,593,1,1,0,0,1,1,0,0,0,0,0,1,0,0,1,0,0
2025-02-08T09:07:56,86717,billys+hollywood+screen+kiss+1998,4,28,other or not specified,M,Billy's Hollywood Screen Kiss,tt0137386,17539,0,1998-07-24,2020700,92,5.2,11,0,0,0,1,0,0,0,0,0,0,0,0,1,0,0,0,0
2025-02-08T10:35:50,30269,the+darjeeling+limited+2007,5,28,sales/marketing,M,The Darjeeling Limited,tt0838221,4538,0,2007-09-29,24377151,91,7.1,876,0,1,0,1,0,1,0,0,0,0,0,0,0,0,0,0,0
2025-02-08T11:14:42,93057,jean+de+florette+1986,5,68,sales/marketing,F,Jean de Florette,tt0091288,4480,0,1986-08-27,0,120,7.6,113,0,0,0,0,0,1,0,0,0,0,0,0,0,0,0,0,0
2025-02-08T11:56:30,79015,the+candidate+1972,3,29,college/grad student,M,The Candidate,tt0068334,21711,0,1972-08-23,0,110,6.9,39,0,0,0,1,0,1,0,0,0,0,0,0,0,0,0,0,0
2025-02-08T18:11:19,87202,disclosure+1994,3,30,executive/managerial,M,Disclosure,tt0109635,8984,0,1994-12-09,214015089,123,5.9,217,0,0,0,0,1,1,0,0,0,0,0,1,1,0,1,0,0
2025-02-08T18:12:28,56367,changing+lanes+2002,4,29,sales/marketing,M,Changing Lanes,tt0264472,1537,0,2002-04-07,94935764,89,5.9,306,1,1,0,0,1,0,0,0,0,0,0,0,0,0,1,0,0
2025-02-08T23:16:13,37704,star+wars+episode+i+-+the+phantom+menace+1999,2,27,executive/managerial,M,Star Wars: Episode I - The Phantom Menace,tt0120915,1893,0,1999-05-19,924317558,136,6.4,4526,1,1,0,0,0,0,0,0,0,0,0,0,0,1,0,0,0
2025-02-08T23:17:07,38328,speed+1994,3,32,other or not specified,F,Speed,tt0111257,1637,0,1994-06-09,350448145,116,6.8,1814,1,1,0,0,1,0,0,0,0,0,0,0,0,0,0,0,0
2025-02-09T02:48:31,101537,jaws+1975,2,31,executive/managerial,M,Jaws,tt0073195,578,0,1975-06-18,470654000,124,7.5,2628,0,1,0,0,0,0,0,0,0,1,0,0,0,0,1,0,0
2025-02-09T03:20:12,47164,die+hard+with+a+vengeance+1995,5,27,college/grad student,M,Die Hard: With a Vengeance,tt0112864,1572,0,1995-05-19,366101666,128,6.9,2094,1,0,0,0,0,0,0,0,0,0,0,0,0,0,1,0,0
2025-02-09T04:38:07,60689,spider-man+2002,4,20,sales/marketing,M,Spider-Man,tt0145487,557,0,2002-05-01,821708551,121,6.8,5398,1,0,0,0,0,0,0,1,0,0,0,0,0,0,0,0,0
2025-02-09T06:02:46,38328,the+truth+about+cats++dogs+1996,3,32,other or not specified,F,The Truth About Cats & Dogs,tt0117979,8866,0,1996-04-26,0,93,5.7,86,0,0,0,1,0,0,0,0,0,0,0,0,1,0,0,0,0
2025-02-09T09:49:12,32366,three+kings+1999,4,25,executive/managerial,M,Three Kings,tt0120188,6415,0,1999-09-27,108000000,114,6.6,709,1,1,0,1,0,0,0,0,0,0,0,0,0,0,0,0,0
2025-02-09T13:49:51,1618,sense+and+sensibility+1995,3,25,executive/managerial,M,Sense and Sensibility,tt0114388,4584,0,1995-12-13,135000000,136,7.2,364,0,0,0,0,0,1,0,0,0,0,0,0,1,0,0,0,0
2025-02-09T13:57:43,79015,the+people+vs.+larry+flynt+1996,3,29,college/grad student,M,The People vs. Larry Flynt,tt0117318,1630,0,1996-10-12,20300385,129,6.8,257,0,0,0,0,0,1,0,0,0,0,0,0,0,0,0,0,0
2025-02-09T17:29:01,37704,dick+1999,1,27,executive/managerial,M,Dick,tt0144168,16406,0,1999-08-04,27500000,94,5.7,67,0,0,0,1,0,0,0,0,0,0,0,0,0,0,0,0,0
2025-02-09T18:35:42,51425,apollo+13+1995,4,25,college/grad student,M,Apollo 13,tt0112384,568,0,1995-06-30,355237933,140,7.3,1637,0,0,0,0,0,1,0,0,0,0,0,0,0,0,0,0,0
2025-02-09T19:39:20,66270,little+odessa+1994,1,32,college/grad student,M,Little Odessa,tt0110365,47504,0,1994-10-27,0,98,6.4,31,1,0,0,0,0,1,0,0,0,0,0,0,0,0,0,0,0
2025-02-09T20:58:17,95836,the+right+stuff+1983,4,30,clerical/admin,M,The Right Stuff,tt0086197,9549,0,1983-10-20,21500000,193,7.4,241,0,0,0,0,0,1,0,0,1,0,0,0,0,0,0,0,0
2025-02-09T22:38:21,96668,the+french+connection+1971,5,34,college/grad student,M,The French Connection,tt0067116,1051,0,1971-10-09,41158757,104,7.4,435,1,0,0,0,1,0,0,0,0,0,0,0,0,0,1,0,0
2025-02-09T22:49:34,86885,escape+to+witch+mountain+1975,2,31,self-employed,M,Escape to Witch Mountain,tt0072951,14821,0,1975-03-21,20000000,97,6.5,60,0,1,0,0,0,0,1,1,0,0,0,0,0,1,0,0,0
2025-02-09T23:58:28,72198,the+hudsucker+proxy+1994,5,30,executive/managerial,M,The Hudsucker Proxy,tt0110074,11934,0,1994-03-11,0,111,7.1,280,0,0,0,1,0,1,0,0,0,0,0,0,0,0,0,0,0
2025-02-10T01:15:19,1750,no+country+for+old+men+2007,5,28,sales/marketing,M,No Country for Old Men,tt0477348,6977,0,2007-11-08,171600000,122,7.7,3083,0,0,0,0,1,1,0,0,0,0,0,0,0,0,1,0,0
2025-02-10T03:41:56,51425,eat+drink+man+woman+1994,4,25,college/grad student,M,Eat Drink Man Woman,tt0111797,10451,0,1994-08-03,7294403,123,7.5,76,0,0,0,1,0,1,0,0,0,0,0,0,1,0,0,0,0
2025-02-10T04:54:26,1618,l.a.+confidential+1997,3,25,executive/managerial,M,L.A. Confidential,tt0119488,2118,0,1997-09-19,126216940,138,7.7,1340,0,0,0,0,1,1,0,0,0,0,0,1,0,0,1,0,0
2025-02-10T06:59:50,34324,syriana+2005,4,31,sales/marketing,M,Syriana,tt0365737,231,0,2005-11-23,94000000,128,6.3,455,0,0,0,0,0,1,0,0,0,0,0,0,0,0,1,0,0
2025-02-08T01:41:12,79015,the+rock+1996,3,29,college/grad student,M,The Rock,tt0117500,9802,0,1996-06-06,335062621,136,6.9,1474,1,1,0,0,0,0,0,0,0,0,0,0,0,0,1,0,0
2025-02-08T01:41:54,72198,babe+1995,5,30,executive/managerial,M,Babe,tt0112431,9598,0,1995-07-18,254134910,89,6.0,756,0,0,0,1,0,1,1,1,0,0,0,0,0,0,0,0,0
2025-02-08T02:07:44,96668,zulu+1964,4,34,college/grad student,M,Zulu,tt0058777,14433,0,1964-01-22,8000000,138,7.4,137,1,0,0,0,0,1,0,0,1,0,0,0,0,0,0,1,0
2025-02-08T11:17:10,25046,mr.+hollands+opus+1995,5,26,college/grad student,M,Mr. Holland's Opus,tt0113862,2054,0,1995-12-29,106269971,137,6.9,115,0,0,0,0,0,1,1,0,0,0,1,0,0,0,0,0,0
2025-02-08T12:20:43,53305,harry+potter+and+the+order+of+the+phoenix+2007,4,26,scientist,M,Harry Potter and the Order of the Phoenix,tt0373889,675,0,2007-06-28,938212738,138,7.4,5633,0,1,0,0,0,0,1,1,0,0,0,1,0,0,0,0,0
2025-02-08T14:43:50,45309,the+american+president+1995,1,34,scientist,M,The American President,tt0112346,9087,0,1995-11-17,107879496,106,6.5,199,0,0,0,1,0,1,0,0,0,0,0,0,1,0,0,0,0
2025-02-08T16:52:19,31578,the+apartment+1960,1,26,college/grad student,M,The Apartment,tt0053604,284,0,1960-06-15,25000000,125,8.1,498,0,0,0,1,0,1,0,0,0,0,0,0,1,0,0,0,0
2025-02-08T16:59:44,32366,wag+the+dog+1997,4,25,executive/managerial,M,Wag the Dog,tt0120885,586,0,1997-12-25,64256513,97,6.7,273,0,0,0,1,0,1,0,0,0,0,0,0,0,0,0,0,0
2025-02-08T17:58:44,72867,the+insider+1999,4,31,executive/managerial,M,The Insider,tt0140352,9008,0,1999-10-28,60289912,157,7.3,489,0,0,0,0,0,1,0,0,0,0,0,0,0,0,1,0,0
2025-02-08T19:27:51,1618,fargo+1996,4,25,executive/managerial,M,Fargo,tt0116282,275,0,1996-04-05,60611975,98,7.7,2080,0,0,0,0,1,1,0,0,0,0,0,0,0,0,1,0,0
2025-02-08T19:29:45,50048,ace+ventura+when+nature+calls+1995,1,86,retired,M,Ace Ventura: When Nature Calls,tt0112281,9273,0,1995-11-10,212385533,90,6.1,1128,0,1,0,1,1,0,0,0,0,0,0,0,0,0,0,0,0
2025-02-08T21:28:27,47164,the+remains+of+the+day+1993,5,27,college/grad student,M,The Remains of the Day,tt0107943,1245,0,1993-11-05,23237911,134,7.5,213,0,0,0,0,0,1,0,0,0,0,0,0,1,0,0,0,0
2025-02-08T22:57:02,88403,cinderella+1950,2,33,K-12 student,M,Cinderella,tt0042332,11224,0,1950-03-04,263591415,74,6.8,1760,0,0,1,0,0,0,1,1,0,0,0,0,1,0,0,0,0
2025-02-08T23:29:15,34987,the+african+queen+1951,5,32,scientist,F,The African Queen,tt0043265,488,0,1951-12-03,10750000,105,7.4,232,0,1,0,0,0,0,0,0,0,0,0,0,1,0,0,1,0
2025-02-08T23:34:55,34324,city+of+god+2002,5,31,sales/marketing,M,City of God,tt0317248,598,0,2002-02-05,30641770,130,8.2,1852,0,0,0,0,1,1,0,0,0,0,0,0,0,0,0,0,0
2025-02-09T06:40:38,45309,get+shorty+1995,2,34,scientist,M,Get Shorty,tt0113161,8012,0,1995-10-20,115101622,105,6.4,305,0,0,0,1,1,0,0,0,0,0,0,0,0,0,1,0,0
2025-02-09T10:31:44,80785,boomerang+1992,3,18,scientist,M,Boomerang,tt0103859,11066,0,1992-06-30,70100000,117,5.4,139,0,0,0,1,0,0,0,0,0,0,0,0,1,0,0,0,0
2025-02-09T12:29:34,28964,the+talented+mr.+ripley+1999,4,30,executive/managerial,M,The Talented Mr. Ripley,tt0134119,1213,0,1999-12-25,128798265,139,7.1,790,0,0,0,0,1,1,0,0,0,0,0,0,0,0,1,0,0
2025-02-09T13:17:16,56367,mona+lisa+smile+2003,2,29,sales/marketing,M,Mona Lisa Smile,tt0304415,11820,0,2003-12-19,0,117,6.5,406,0,0,0,0,0,1,0,0,0,0,0,0,1,0,0,0,0
2025-02-09T16:19:29,26301,the+silence+of+the+lambs+1991,5,33,college/grad student,F,The Silence of the Lambs,tt0102926,274,0,1991-02-01,272742922,119,8.1,4549,0,0,0,0,1,1,0,0,0,0,0,0,0,0,1,0,0
2025-02-09T19:30:32,21999,modern+times+1936,5,31,scientist,M,Modern Times,tt0027977,3082,0,1936-02-05,8500000,87,8.1,881,0,0,0,1,0,1,0,0,0,0,0,0,0,0,0,0,0
2025-02-09T19:55:55,83896,whats+love+got+to+do+with+it+1993,4,27,academic/educator,F,What's Love Got to Do with It,tt0108551,15765,0,1993-06-09,0,118,6.9,75,0,0,0,0,0,1,0,0,0,0,1,0,0,0,0,0,0
2025-02-10T00:32:39,15795,american+beauty+1999,3,26,college/grad student,M,American Beauty,tt0169547,14,0,1999-09-15,356296601,122,7.9,3438,0,0,0,0,0,1,0,0,0,0,0,0,0,0,0,0,0
2025-02-10T03:27:29,102858,harry+potter+and+the+goblet+of+fire+2005,4,33,sales/marketing,M,Harry Potter and the Goblet of Fire,tt0330373,674,0,2005-11-05,895921036,157,7.5,5758,0,1,0,0,0,0,1,1,0,0,0,0,0,0,0,0,0
2025-02-10T03:56:38,15357,a+goofy+movie+1995,3,29,college/grad student,M,A Goofy Movie,tt0113198,15789,0,1995-04-07,35348597,78,6.7,404,0,1,1,1,0,0,1,0,0,0,0,0,1,0,0,0,0
2025-02-10T05:53:49,63148,interview+with+the+vampire+1994,3,31,scientist,M,Interview with the Vampire,tt0110148,628,0,1994-11-11,223664608,123,7.2,1558,0,0,0,0,0,0,0,0,0,1,0,0,1,0,0,0,0
2025-02-10T06:29:17,30269,2+fast+2+furious+2003,2,28,sales/marketing,M,2 Fast 2 Furious,tt0322259,584,0,2003-06-05,236350661,107,6.2,2087,1,0,0,0,1,0,0,0,0,0,0,0,0,0,1,0,0
2025-02-10T11:31:49,21999,monty+python+and+the+holy+grail+1975,5,31,scientist,M,Monty Python and the Holy Grail,tt0071853,762,0,1975-03-13,5028948,91,7.8,1742,0,1,0,1,0,0,0,1,0,0,0,0,0,0,0,0,0
2025-02-10T12:25:57,45309,the+mask+1994,2,34,scientist,M,The Mask,tt0110475,854,0,1994-07-29,351583407,101,6.6,2550,0,0,0,1,1,0,0,1,0,0,0,0,1,0,0,0,0
2025-02-10T14:39:55,90773,seven+pounds+2008,3,25,sales/marketing,M,Seven Pounds,tt0814314,11321,0,2008-12-18,168167691,123,7.5,2092,0,0,0,0,0,1,0,0,0,0,0,0,0,0,0,0,0
2025-02-10T15:46:31,66270,dolores+claiborne+1995,3,32,college/grad student,M,Dolores Claiborne,tt0109642,11929,0,1995-03-24,0,132,7.1,183,0,0,0,0,1,1,0,0,0,0,0,1,0,0,0,0,0
2025-02-10T17:03:19,95836,stripes+1981,4,30,clerical/admin,M,Stripes,tt0083131,10890,0,1981-06-25,85300000,106,6.5,253,1,0,0,1,0,0,0,0,0,0,0,0,0,0,0,0,0
2025-02-10T18:23:46,5708,dantes+peak+1997,4,32,scientist,M,Dante's Peak,tt0118928,9619,0,1997-02-07,178127760,108,5.8,445,1,1,0,0,0,0,0,0,0,0,0,0,0,0,1,0,0
2025-02-10T20:20:59,60693,schindlers+list+1993,5,32,college/grad student,M,Schindler's List,tt0108052,424,0,1993-11-29,321365567,195,8.3,4436,0,0,0,0,0,1,0,0,1,0,0,0,0,0,0,1,0
2025-02-10T21:12:46,82236,saving+private+ryan+1998,5,26,academic/educator,M,Saving Private Ryan,tt0120815,857,0,1998-07-24,481840909,169,7.9,5148,0,0,0,0,0,1,0,0,1,0,0,0,0,0,0,1,0
2025-02-10T10:23,83896,dial+m+for+murder+1954,5,27,academic/educator,F,Dial M for Murder,tt0046912,521,0,1954-05-29,3000000,104,7.9,539,0,0,0,0,1,0,0,0,0,0,0,1,0,0,1,0,0
2025-02-10T14:33:42,45086,ronin+1998,5,32,other or not specified,M,Ronin,tt0122690,8195,0,1998-09-25,41610884,122,6.8,670,1,1,0,0,1,0,0,0,0,0,0,0,0,0,1,0,0
2025-02-10T17:40:57,3108,pretty+woman+1990,3,29,sales/marketing,M,Pretty Woman,tt0100405,114,0,1990-03-23,463000000,119,7.0,1807,0,0,0,1,0,0,0,0,0,0,0,0,1,0,0,0,0
2025-02-10T17:41:53,55020,the+fugitive+1993,4,26,scientist,M,The Fugitive,tt0106977,5503,0,1993-08-06,368875760,130,7.2,1240,1,1,0,0,1,0,0,0,0,0,0,1,0,0,1,0,0
2025-02-10T20:28:55,39589,the+english+patient+1996,5,31,executive/managerial,M,The English Patient,tt0116209,409,0,1996-11-14,231976425,162,7.0,559,0,0,0,0,0,1,0,0,0,0,0,0,1,0,0,1,0
2025-02-10T21:41:55,80785,the+nutty+professor+1996,3,18,scientist,M,The Nutty Professor,tt0117218,9327,0,1996-06-26,128769345,95,5.4,717,0,0,0,1,0,0,0,1,0,0,0,0,1,1,0,0,0
2025-02-10T22:28:02,79015,mars+attacks+1996,3,29,college/grad student,M,Mars Attacks!,tt0116996,75,0,1996-12-12,101371017,106,6.1,1544,0,0,0,1,0,0,0,1,0,0,0,0,0,1,0,0,0
2025-02-10T23:19:33,87202,true+lies+1994,4,30,executive/managerial,M,True Lies,tt0111503,36955,0,1994-07-14,378882411,141,6.8,1138,1,0,0,0,0,0,0,0,0,0,0,0,0,0,1,0,0
2025-02-11T00:14:04,47164,the+client+1994,3,27,college/grad student,M,The Client,tt0109446,10731,0,1994-07-20,117615211,119,6.4,287,0,0,0,0,1,1,0,0,0,0,0,1,0,0,1,0,0
2025-02-11T00:19:02,1750,kingpin+1996,5,28,sales/marketing,M,Kingpin,tt0116778,11543,0,1996-07-04,25023434,113,6.7,248,0,0,0,1,0,0,0,0,0,0,0,0,0,0,0,0,0
2025-02-11T00:39:56,8463,equilibrium+2002,4,25,programmer,M,Equilibrium,tt0238380,7299,0,2002-12-06,5359645,107,6.9,1584,1,0,0,0,0,0,0,0,0,0,0,0,0,1,1,0,0
